catalogue_code,title,wave,pattern,pilot,course_yaml,term_code,owner,reviewer,source_readiness,arc_run,review_state,production_decision,blockers
C101,Computer Architecture & Systems,1,P,no,c101-computer-architecture-systems.yaml,DP1-Y1-F,TBD,TBD,unsourced,arc2-c101-computer-architecture,outline accepted 2026-10-05; content in production,Simulator exercises and worked traces,
C102,Operating-System Fundamentals,1,P,no,c102-operating-system-fundamentals.yaml,DP1-Y1-F,TBD,TBD,unsourced,arc2-c102-operating-system,outline accepted 2026-10-05; content in production,Local/container exercises; identify kernel tasks needing a VM,
C103,Intro to Networking,1,P,no,c103-intro-to-networking.yaml,DP1-Y1-F,TBD,TBD,unsourced,arc2-c103-networking,outline accepted 2026-10-05; content in production,Packet captures and network simulation,
C104,Intro to Programming (Python),1,P,no,c104-intro-to-programming-python.yaml,DP1-Y1-F,TBD,TBD,unsourced,arc2-c104-programming-python,outline accepted 2026-10-05; content in production,Executable exercises and independent test cases,
C105,Foundations of Cybersecurity,1,T,yes,c105-foundations-of-cybersecurity.yaml,DP1-Y1-F,TBD,TBD,unsourced,arc2-c105-foundations,release v1 accepted (6 open actions acknowledged); published to test Moodle; student walk-through passed; SME review pending,"Cases, concepts and decisions; pilot",
C106,Cryptography Basics,1,P,no,c106-cryptography-basics.yaml,DP1-Y1-F,TBD,TBD,unsourced,arc2-c106-cryptography-basics,outline accepted 2026-10-05; content in production,Worked maths and small experiments,
C107,Secure Software Development,2,P,no,c107-secure-software-development.yaml,DP1-Y1-S,TBD,TBD,unsourced,arc2-c107-secure-software,outline drafted; awaiting wave 2 outline review,"Vulnerable sample code, fixes and tests",
C108,Linux System Administration,2,R,yes,c108-linux-system-administration.yaml,DP1-Y1-S,TBD,TBD,unsourced,arc2-c108-linux-admin,"release v1 accepted (21 open actions acknowledged, mostly infra); published to test Moodle with 5 lab links; student walk-through passed; live lab unverified (needs vCenter); SME review pending",One reusable Linux image; pilot,
C109,Network Services & Protocols,2,P,no,c109-network-services-protocols.yaml,DP1-Y1-S,TBD,TBD,unsourced,arc2-c109-network-services,outline drafted; awaiting wave 2 outline review,Small service containers; validate networking fidelity,
C110,Intro to Risk Management,2,T,no,c110-intro-to-risk-management.yaml,DP1-Y1-S,TBD,TBD,unsourced,arc2-c110-risk-management,not started,"Risk register, trade-offs and briefing",
C201,Network Defense & Firewalls,3,R,no,c201-network-defense-firewalls.yaml,DP1-Y2-F,TBD,TBD,unsourced,arc2-c201-network-defense,not started,Reusable routed network and firewall topology,
C202,Secure Communications (TLS/VPN),3,R,no,c202-secure-communications-tls-vpn.yaml,DP1-Y2-F,TBD,TBD,unsourced,arc2-c202-secure-communications,not started,"Certificates, tunnels and troubleshooting",
C203,Identity & Access Management,3,R,no,c203-identity-access-management.yaml,DP1-Y2-F,TBD,TBD,unsourced,arc2-c203-identity-access,not started,Reusable identity environment,
C204,Security Monitoring & SIEM,3,R,no,c204-security-monitoring-siem.yaml,DP1-Y2-F,TBD,TBD,unsourced,arc2-c204-security-monitoring,not started,Shared SOC environment and replayable telemetry,
C205,Lab: Hardened Lab Network,3,R,no,c205-lab-hardened-lab-network.yaml,DP1-Y2-F,TBD,TBD,unsourced,arc2-c205-hardened-network,not started,Integrate the earlier network controls,
C206,Incident Response Foundations,3,T,no,c206-incident-response-foundations.yaml,DP1-Y2-F,TBD,TBD,unsourced,arc2-c206-incident-response,not started,"IR concepts, roles and process (theory); decided 2026-10-05: split by pattern from C207",
C207,Incident Response Foundations,4,P,no,c207-incident-response-foundations.yaml,DP1-Y2-S,TBD,TBD,unsourced,arc2-c207-incident-response,not started,Evidence-based IR tabletop building on C206 (practical); decided 2026-10-05: split by pattern from C206,
C208,Windows Forensics,4,P,yes,c208-windows-forensics.yaml,DP1-Y2-S,TBD,TBD,unsourced,arc2-c208-windows-forensics,release v1 accepted; published to test Moodle with 48 evidence downloads; student walk-through passed; SME review pending,Supplied evidence and licensed analysis tools; pilot,
C209,Malware Analysis 101,4,R,no,c209-malware-analysis-101.yaml,DP1-Y2-S,TBD,TBD,unsourced,arc2-c209-malware-analysis,not started,Isolated analysis workstation and approved samples,
C210,Threat Modeling & ATT&CK,4,T,no,c210-threat-modeling-att-ck.yaml,DP1-Y2-S,TBD,TBD,unsourced,arc2-c210-threat-modeling,not started,Threat model and reasoned control selection,
C211,Lab: Simulated Incident Exercise,4,R,no,c211-lab-simulated-incident-exercise.yaml,DP1-Y2-S,TBD,TBD,unsourced,arc2-c211-simulated-incident,not started,SOC/identity/network reuse and assessable evidence,
C212,Advanced Incident Response,4,R,no,c212-advanced-incident-response.yaml,DP1-Y2-S,TBD,TBD,unsourced,arc2-c212-advanced-incident,not started,Define distinct outcomes from C207 and C211,
C301,Advanced Threat Hunting,5,R,no,c301-advanced-threat-hunting.yaml,DP1-Y3-F,TBD,TBD,unsourced,arc2-c301-advanced-threat,not started,"Rich telemetry, hypotheses and repeatable investigations",
C302,Red-Team Fundamentals,5,R,no,c302-red-team-fundamentals.yaml,DP1-Y3-F,TBD,TBD,unsourced,arc2-c302-red-team,not started,Bounded objectives in the shared isolated network,
C303,Cloud Security (AWS/Azure),5,R,no,c303-cloud-security-aws-azure.yaml,DP1-Y3-F,TBD,TBD,unsourced,arc2-c303-cloud-security,not started,Decide provider sandbox versus faithful local exercises,
C304,IoT & Embedded Device Security,5,P,no,iot-security-foundations.yaml,DP1-Y3-F,TBD,TBD,unsourced,arc2-c304-iot-embedded,not started,"Firmware/emulation; identify hardware-only objectives; draft titled differently; decided 2026-10-05: draft from iot-security-foundations.yaml, catalogue title kept",accepted title recorded at outline review
C305,Advanced Malware Reverse-Engineering,5,R,no,c305-advanced-malware-reverse-engineering.yaml,DP1-Y3-F,TBD,TBD,unsourced,arc2-c305-advanced-malware,not started,Extend the isolated analysis workstation,
C306,Lab: Full-Scale Adversary Emulation,5,R,no,c306-lab-full-scale-adversary-emulation.yaml,DP1-Y3-F,TBD,TBD,unsourced,arc2-c306-full-scale,not started,Integrated environment with reproducible reset,
C401,Professional Ethics & Legal Frameworks,6,T,no,c401-professional-ethics-legal-frameworks.yaml,DP1-Y3-S,TBD,TBD,unsourced,arc2-c401-professional-ethics,not started,Jurisdiction-aware cases and specialist review,
C402,Capstone Project Planning,6,T,no,c402-capstone-project-planning.yaml,DP1-Y3-S,TBD,TBD,unsourced,arc2-c402-capstone-project,not started,"Proposal, milestones, feasibility and rubric",
C403,Capstone Implementation,6,R,no,c403-capstone-implementation.yaml,DP1-Y3-S,TBD,TBD,unsourced,arc2-c403-capstone-implementation,not started,Project-dependent environment; approve each scope,
C404,Capstone Assessment & Presentation,6,T,no,c404-capstone-assessment-presentation.yaml,DP1-Y3-S,TBD,TBD,unsourced,arc2-c404-capstone-assessment,not started,"Portfolio, demonstration and oral defence",
RMC C201,Advanced Network Defense,7,R,no,rmc-c201-advanced-network-defense.yaml,DP2-F,TBD,TBD,unsourced,arc2-rmc-c201-advanced-network,not started,Extend network baseline with advanced faults,
RMC C202,Threat Hunting — Advanced,7,R,no,rmc-c202-threat-hunting-advanced.yaml,DP2-F,TBD,TBD,unsourced,arc2-rmc-c202-threat-hunting,not started,Demonstrate progression beyond C301,
RMC C203,Cloud Security — Advanced,7,R,no,rmc-c203-cloud-security-advanced.yaml,DP2-F,TBD,TBD,unsourced,arc2-rmc-c203-cloud-security,not started,Extend the approved cloud training pattern,
RMC C204,IoT Firmware Reverse-Engineering,7,P,no,rmc-c204-iot-firmware-reverse-engineering.yaml,DP2-F,TBD,TBD,unsourced,arc2-rmc-c204-iot-firmware,not started,"Toolchain, firmware evidence and reproducible exercises",
RMC C205,Red-Team Operations,7,R,no,rmc-c205-red-team-operations.yaml,DP2-F,TBD,TBD,unsourced,arc2-rmc-c205-red-team,not started,"Team operations, evidence and instructor controls",
RMC C206,Capstone Planning,7,T,no,rmc-c206-capstone-planning.yaml,DP2-F,TBD,TBD,unsourced,arc2-rmc-c206-capstone-planning,not started,"Advanced scope, dependencies and assessment contract",
RMC C207,Advanced Malware Analysis,8,R,no,rmc-c207-advanced-malware-analysis.yaml,DP2-S,TBD,TBD,unsourced,arc2-rmc-c207-advanced-malware,not started,Demonstrate progression beyond C305,
RMC C208,Incident Response — End-to-End,8,R,no,rmc-c208-incident-response-end-to-end.yaml,DP2-S,TBD,TBD,unsourced,arc2-rmc-c208-incident-response,not started,Full response workflow and handover assessment,
RMC C209,Cyber Threat Intelligence,8,P,no,rmc-c209-cyber-threat-intelligence.yaml,DP2-S,TBD,TBD,unsourced,arc2-rmc-c209-cyber-threat,not started,"Evidence collection, confidence and analytic products",
RMC C210,Cloud-Native Defense,8,R,no,rmc-c210-cloud-native-defense.yaml,DP2-S,TBD,TBD,unsourced,arc2-rmc-c210-cloud-native,not started,Container/orchestration runtime and telemetry,
RMC C211,Advanced IoT Security,8,R,no,rmc-c211-advanced-iot-security.yaml,DP2-S,TBD,TBD,unsourced,arc2-rmc-c211-advanced-iot,not started,Confirm hardware/emulation requirements early,
RMC C212,Capstone Execution & Assessment,8,R,no,rmc-c212-capstone-execution-assessment.yaml,DP2-S,TBD,TBD,unsourced,arc2-rmc-c212-capstone-execution,not started,Reuse approved environments; assess individual contribution,
